country,continent,covid_cases,covid_deaths,area_km2,population
Afghanistan,Asia,46498,1774,652000,39306195
Albania,Europe,37625,798,28748,2876490
Algeria,Africa,83199,2431,2381741,44190030
Andorra,Europe,6712,76,468,77317
Angola,Africa,15139,348,1246620,33312843
Antigua And Barbuda,The Caribean,0,0,440,98271
Argentina,South America,1418807,38473,2780400,45370984
Armenia,Asia,135124,2164,29743,2965558
Australia,Australia,27904,908,7617930,25625341
Austria,Europe,278182,2904,83879,9027998
Azerbaijan,Europe,118195,1361,86600,10177781
Bahamas,The Caribean,7517,163,13878,394833
Bahrain,Asia,86956,341,780,1727565
Bangladesh,Asia,464932,6644,148460,165383477
Barbados,North America,276,7,431,287522
Belarus,Europe,135008,1151,207595,9448028
Belgium,Europe,576503,16547,30689,11610784
Belize,Central America,5743,147,22966,400720
Benin,Africa,3015,43,114763,12260889
Bhutan,Asia,410,0,38394,775208
Bolivia,South America,0,0,1098581,11740763
Bosnia and Herzegovina,Europe,87374,2620,51197,3272331
Botswana,Africa,9992,31,581730,2372028
Brazil,South America,6314740,172833,8515767,213196006
Brunei,Asia,0,0,5765,439250
Bulgaria,Europe,142486,3814,110994,6926881
Burkina Faso,Africa,2886,68,274200,21152326
Burundi,Africa,689,1,27834,12045230
Cambodia,Asia,326,0,181035,16817449
Cameroon,Africa,24487,441,475442,26831876
Canada,North America,370278,12032,9984670,37881943
Central African Republic,Africa,4918,63,622984,4865703
Chad,Africa,1688,101,1284000,16631098
Chile,South America,551743,15410,756950,19185504
China,Asia,93577,4750,9600000,1441654790
Colombia,South America,1308376,36584,1138910,51112670
Comoros,Africa,611,7,1861,877576
Congo,Africa,5774,94,2345410,5576861
Costa Rica,North America,137093,1690,51100,5113783
Cote D'Ivoire,Africa,0,0,322463,26661011
Croatia,Europe,126612,1712,56594,4094735
Cuba,North America,8284,135,109884,11323735
Cyprus,Europe,10383,48,9251,1211064
Czech Republic,Europe,0,0,78866,10717290
Denmark,Europe,79352,829,42933,5800754
Djibouti,Africa,5679,61,23200,994124
Dominica,North America,85,0,750,72061
Dominican Republic,North America,143988,2331,48442,10894019
Ecuador,South America,192685,13461,283560,17757364
Egypt,Africa,115911,6650,1002450,103162538
El Salvador,Central America,38405,1114,21041,6499959
Equatorial Guinea,Africa,5153,85,28050,1423195
Eritrea,Africa,577,0,117600,3567323
Estonia,Europe,12052,112,45227,1326908
Ethiopia,Africa,110074,1706,1127127,116197488
Fiji,Oceana,42,2,18333,899202
Finland,Europe,24629,393,338440,5544322
France,Europe,2179481,51965,643801,65334006
Gabon,Africa,9191,59,267667,2248450
Gambia,Africa,3742,123,11295,2446240
Georgia,Europe,135584,1267,153909,3985979
Germany,Europe,1053869,16248,357386,83896324
Ghana,Africa,51667,323,238535,31352348
Greece,Europe,104227,2321,131957,10401951
Grenada,North America,41,0,344,112742
Guatemala,North America,122062,4171,108889,18057824
Guinea,Africa,13097,76,245857,13287738
Guinea-Bissau,Africa,2422,43,36125,1988124
Guyana,South America,5376,150,214969,788148
Haiti,North America,9294,233,27750,11461636
Honduras,Central America,107888,2909,112492,9971969
Hungary,Europe,217122,4823,93030,9650147
Iceland,Europe,5381,26,103000,342177
India,Asia,9462809,137621,3287263,1385753930
Indonesia,Asia,538883,16945,1904569,274750669
Iran,Asia,0,0,1648195,84450573
Iraq,Asia,552549,12258,437072,40612338
Ireland,Europe,72241,2052,84421,4961208
Israel,Asia,332192,2831,22145,8713402
Italy,Europe,1585178,54904,301340,60424778
Jamaica,The Caribean,10763,257,10992,2966600
Japan,Asia,148694,2139,377915,126315493
Jordan,Asia,219430,2751,89342,10246070
Kazakhstan,Asia,173806,2477,2700000,18872202
Kenya,Africa,83618,1469,580367,54282617
Kiribati,Oceana,0,0,811,120232
Kuwait,Asia,142635,880,17818,4297541
Kyrgyzstan,Asia,72807,1271,199900,6570372
Laos,Asia,0,0,237955,7320717
Latvia,Europe,16975,197,64589,1877611
Lebanon,Asia,127903,1018,10452,6812737
Lesotho,South America,2109,44,30355,2149442
Liberia,Africa,1598,83,111369,5109227
Libya,Africa,82809,1183,1760000,6911205
Liechtenstein,Europe,1273,15,160,38174
Lithuania,Europe,61325,506,65300,2706713
Luxembourg,Europe,33973,306,2586,630346
Madagascar,Africa,17341,251,587041,28000775
Malawi,Africa,6028,185,118484,19345092
Malaysia,Asia,65697,360,329847,32542947
Maldives,Asia,13011,46,300,544636
Mali,Africa,4688,152,1240000,20505871
Malta,Europe,9501,128,316,442037
Marshall Islands,Oceana,4,0,181,59359
Mauritania,Africa,8424,172,1030700,4702891
Mauritius,Africa,504,10,2040,1272654
Mexico,North America,1107071,105655,1972550,129508846
Micronesia,Oceana,0,0,702,551217
Moldova,Europe,0,0,33846,4030051
Monaco,Europe,608,3,2,39360
Mongolia,Asia,791,0,1564116,3300932
Montenegro,Europe,34887,487,13812,628099
Morocco,Africa,356335,5846,446550,37097014
Mozambique,Africa,15701,131,801590,31637928
Myanmar,Asia,89486,1918,676575,54564064
Namibia,Africa,14380,152,824292,2560702
Nauru,Oceana,0,0,21,10853
Nepal,Asia,233452,1508,147516,29362236
New Zealand,Oceana,1703,25,268021,4838834
Nicaragua,Central America,4629,160,130373,6658149
Niger,Africa,1548,72,1270000,24594403
Nigeria,Africa,67557,1173,923768,208355710
Norway,Europe,34747,328,385207,5439201
Oman,Asia,123699,1423,309501,5163135
Pakistan,Asia,398024,8025,881913,222741498
Palau,Oceana,0,0,458,18130
Panama,Central America,164729,3060,75517,4343889
Papua New Guinea,Oceana,656,7,462840,17150845
Paraguay,South America,81906,1743,406752,7169948
Peru,South America,962530,35923,1285220,33168487
Philippines,Asia,431630,8392,300000,110204906
Poland,Europe,985075,17029,312679,37829259
Portugal,Europe,294799,4427,92212,10184296
Qatar,Asia,138833,237,11571,2901976
Romania,Europe,471536,11193,238397,19184408
Russia,Europe,0,0,17125200,145960720
Rwanda,Africa,5934,49,26338,13091980
Saint Lucia,North America,257,2,617,183981
Saint Vincent And The Grenadines,North America,0,0,389,111088
Samoa,Oceana,0,0,2842,198972
San Marino,Europe,1609,45,61,33961
Sao Tome and Principe,Africa,991,17,1001,220914
Saudi Arabia,Asia,357360,5896,2150000,35046623
Senegal,Africa,16089,333,196722,16936487
Serbia,Europe,169214,1549,88361,8722698
Seychelles,Africa,172,0,458,98605
Sierra Leone,Africa,2412,74,71740,8047131
Singapore,Asia,58218,29,726,5869869
Slovakia,Europe,105733,816,49035,5460752
Slovenia,Europe,75381,927,20271,2079058
Solomon Islands,Oceana,17,0,28400,694217
Somalia,Africa,4451,113,637657,16087259
South Africa,Africa,790004,21535,12199912,59628390
South Sudan,Africa,3109,61,619745,11249761
Spain,Europe,1628208,44668,505990,46762381
Sri Lanka,Asia,23484,116,65610,21451157
Sudan,Africa,17810,1249,1886068,44294189
Suriname,South America,5312,117,163821,588867
Swaziland,Africa,0,0,17364,1165287
Sweden,Europe,243129,6681,450295,10125943
Switzerland,Europe,317017,4236,41285,8681478
Syria,Asia,0,0,185180,17685746
Taiwan,Asia,0,0,36193,23834918
Tajikistan,Asia,12155,86,143100,9630651
Tanzania,Africa,0,0,945087,60479818
Thailand,Asia,3998,60,513120,69873773
Togo,Africa,2946,64,56785,8363092
Tonga,Oceana,0,0,747,106206
Trinidad And Tobago,North America,0,0,0,0
Tunisia,Africa,96769,3260,0,0
Turkey,Asia,494351,13558,783562,84726208
Turkmenistan,Asia,0,0,491210,6069243
Tuvalu,Oceana,0,0,26,11854
Uganda,Africa,20459,205,241037,46377077
Ukraine,Europe,732625,12327,603628,43624462
United Arab Emirates,Asia,168860,572,83600,9941469
United Kingdom,Europe,0,0,242495,68036854
United States,North America,0,0,9834000,331825014
Uruguay,South America,5716,76,176215,3478809
Uzbekistan,Asia,72920,608,448978,33677231
Vanuatu,Oceana,1,0,12189,310265
Venezuela,South America,0,0,916445,28402272
Vietnam,Asia,0,0,331212,97702766
Yemen,Asia,2081,606,527968,30110883
Zambia,Africa,17647,357,752618,18609335
Zimbabwe,Africa,10034,277,390757,14955711
